{"UUID":"PvVNtmubAj8Qd2EdEe3VOO","layoutMainAxisSizing":null,"layoutCrossAxisSizing":null,"name":"V Hackathon","isVisible":true,"boundaryRectangle":null,"style":null,"prototypeNodeUUID":null,"child":null,"constraints":null,"debug":false,"pngPath":"/usr/src/app/temp-out/pb-tmp-41ec970e-4d3b-4a1e-b84e-44fbb7509b50/talento/lib/assets/images","pages":[{"UUID":"0:1","layoutMainAxisSizing":null,"layoutCrossAxisSizing":null,"name":"Page 1","isVisible":true,"boundaryRectangle":null,"style":null,"prototypeNodeUUID":null,"child":null,"constraints":null,"convert":true,"screens":[],"pbdlType":"page"}],"miscPages":[],"sharedStyles":[],"globalStyles":{"UUID":"","layoutMainAxisSizing":null,"layoutCrossAxisSizing":null,"name":"","isVisible":false,"boundaryRectangle":null,"style":null,"prototypeNodeUUID":null,"child":null,"constraints":null,"pbdlType":"global_styles","designSystem":"material2","colors":[{"UUID":"6:2","layoutMainAxisSizing":null,"layoutCrossAxisSizing":null,"name":"Tik Tok Dark","isVisible":false,"boundaryRectangle":null,"style":null,"prototypeNodeUUID":null,"child":null,"constraints":null,"description":"","pbdlType":"global_color","color":{"a":1.0,"r":0.08627451211214066,"g":0.09019608050584793,"b":0.13333334028720856}},{"UUID":"69:1258","layoutMainAxisSizing":null,"layoutCrossAxisSizing":null,"name":"Color/White","isVisible":false,"boundaryRectangle":null,"style":null,"prototypeNodeUUID":null,"child":null,"constraints":null,"description":"","pbdlType":"global_color","color":{"a":1.0,"r":1.0,"g":1.0,"b":1.0}},{"UUID":"157:695","layoutMainAxisSizing":null,"layoutCrossAxisSizing":null,"name":"White-primary","isVisible":false,"boundaryRectangle":null,"style":null,"prototypeNodeUUID":null,"child":null,"constraints":null,"description":"","pbdlType":"global_color","color":{"a":1.0,"r":1.0,"g":1.0,"b":1.0}},{"UUID":"157:692","layoutMainAxisSizing":null,"layoutCrossAxisSizing":null,"name":"Button Primary","isVisible":false,"boundaryRectangle":null,"style":null,"prototypeNodeUUID":null,"child":null,"constraints":null,"description":"","pbdlType":"global_color","color":{"a":1.0,"r":0.24313725531101227,"g":0.24705882370471954,"b":0.8470588326454163}},{"UUID":"157:693","layoutMainAxisSizing":null,"layoutCrossAxisSizing":null,"name":"Text primary","isVisible":false,"boundaryRectangle":null,"style":null,"prototypeNodeUUID":null,"child":null,"constraints":null,"description":"","pbdlType":"global_color","color":{"a":1.0,"r":0.18039216101169586,"g":0.19607843458652496,"b":0.23137255012989044}},{"UUID":"157:694","layoutMainAxisSizing":null,"layoutCrossAxisSizing":null,"name":"Dark primary","isVisible":false,"boundaryRectangle":null,"style":null,"prototypeNodeUUID":null,"child":null,"constraints":null,"description":"","pbdlType":"global_color","color":{"a":1.0,"r":0.3803921639919281,"g":0.3921568691730499,"b":0.41960784792900085}},{"UUID":"238:307","layoutMainAxisSizing":null,"layoutCrossAxisSizing":null,"name":"Tik Tok Button","isVisible":false,"boundaryRectangle":null,"style":null,"prototypeNodeUUID":null,"child":null,"constraints":null,"description":"","pbdlType":"global_color","color":{"a":1.0,"r":0.9176470637321472,"g":0.26274511218070984,"b":0.3490196168422699}}],"textStyles":[],"themeColors":[],"themeTextStyles":[]},"pbdlType":"project"}